<?xml version="1.0" encoding="UTF-8" standalone="no"?>
	<featureModel chosenLayoutAlgorithm="1">
		<struct>
			<or abstract="true" mandatory="true" name="VacationPlanner">
				<description>
					
				</description>
				<feature abstract="true" mandatory="true" name="CurrencyConverter"/>
				<alt mandatory="true" name="Payment">
					<feature mandatory="true" name="BankTransfer"/>
					<feature mandatory="true" name="CreditCard"/>
				</alt>
			</or>
		</struct>
		<constraints/>
		<calculations Auto="true" Constraints="true" Features="true" Redundant="true" Tautology="true"/>
		<comments/>
		<featureOrder userDefined="true">
			<feature name="CurrencyConverter"/>
		</featureOrder>
	</featureModel>
