<?xml version="1.0" encoding="UTF-8" standalone="no"?>
	<featureModel chosenLayoutAlgorithm="1">
		<struct>
			<and abstract="true" mandatory="true" name="VacationPlanner">
				<description>
					
				</description>
				<feature abstract="true" name="CurrencyConverter"/>
				<and abstract="true" mandatory="true" name="Flight">
					<feature mandatory="true" name="BookRoundFlight"/>
					<feature mandatory="true" name="BookWayFlight"/>
				</and>
				<feature name="Reservation"/>
			</and>
		</struct>
		<constraints/>
		<calculations Auto="true" Constraints="true" Features="true" Redundant="true" Tautology="true"/>
		<comments/>
		<featureOrder userDefined="true">
			<feature name="CurrencyConverter"/>
			<feature name="Flight"/>
		</featureOrder>
	</featureModel>
