<?xml version="1.0" encoding="UTF-8" standalone="no"?>
	<featureModel chosenLayoutAlgorithm="1">
		<struct>
			<or abstract="true" mandatory="true" name="VacationPlanner">
				<description>
					
				</description>
				<feature abstract="true" mandatory="true" name="FlightBooking"/>
				<feature abstract="true" mandatory="true" name="HotelBooking"/>
				<and abstract="true" mandatory="true" name="AdditionalServices">
					<feature name="Rent A Car"/>
					<feature name="Book An Activity"/>
				</and>
				<feature mandatory="true" name="CurrencyConverter"/>
				<feature mandatory="true" name="CreditCardPayment"/>
			</or>
		</struct>
		<constraints/>
		<calculations Auto="true" Constraints="true" Features="true" Redundant="true" Tautology="true"/>
		<comments/>
		<featureOrder userDefined="true">
			<feature name="FlightBooking"/>
			<feature name="HotelBooking"/>
			<feature name="AdditionalServices"/>
		</featureOrder>
	</featureModel>
