<?xml version="1.0" encoding="UTF-8" standalone="no"?>
	<featureModel chosenLayoutAlgorithm="1">
		<struct>
			<and abstract="true" mandatory="true" name="VacationPlanner">
				<description>
					
				</description>
				<feature abstract="true" name="Hotel"/>
				<feature mandatory="true" name="VolReservation"/>
			</and>
		</struct>
		<constraints/>
		<calculations Auto="true" Constraints="true" Features="true" Redundant="true" Tautology="true"/>
		<comments/>
		<featureOrder userDefined="true">
			<feature name="Hotel"/>
		</featureOrder>
	</featureModel>
