<?xml version="1.0" encoding="UTF-8" standalone="no"?>
	<featureModel chosenLayoutAlgorithm="1">
		<struct>
			<and abstract="true" mandatory="true" name="VacationPlanner">
				<description>
					
				</description>
				<feature abstract="true" name="Currency"/>
				<alt abstract="true" mandatory="true" name="Flight">
					<feature mandatory="true" name="BookRound"/>
					<and mandatory="true" name="BookWay">
						<feature mandatory="true" name="BWFlightInput"/>
						<feature mandatory="true" name="BWFlightOutput"/>
					</and>
				</alt>
				<feature abstract="true" name="Hotel"/>
				<feature name="Guide"/>
			</and>
		</struct>
		<constraints/>
		<calculations Auto="true" Constraints="true" Features="true" Redundant="true" Tautology="true"/>
		<comments/>
		<featureOrder userDefined="true">
			<feature name="Currency"/>
			<feature name="Flight"/>
			<feature name="Hotel"/>
		</featureOrder>
	</featureModel>
